,userId,hasTwitter,hasFacebook,hasGitHub
windhole,windhole,True,True,True
y_okady,y_okady,True,True,False
miyajan,miyajan,True,True,True
ymmt2005,ymmt2005,True,False,True
sukoyakarizumu,sukoyakarizumu,True,False,False
TakashiUshirosako,TakashiUshirosako,True,True,False
YukiHagizawa,YukiHagizawa,False,True,False
vaccho,vaccho,True,False,False
YasuharuSakai,YasuharuSakai,True,False,False
k-mizuno,k-mizuno,False,False,False
styt88,styt88,False,True,False
jhasepyon,jhasepyon,False,False,False
naruta,naruta,False,False,False
oogFranz,oogFranz,True,False,True
CybozuInsideOut,CybozuInsideOut,True,False,False
butterflyfish,butterflyfish,True,False,False
Mt_blue81,Mt_blue81,True,False,False
rdlabo,rdlabo,True,True,True
nano,nano,True,False,False
r_fujimoto,r_fujimoto,True,False,False
SadaakiEmura,SadaakiEmura,False,True,False
zaki-yama,zaki-yama,True,False,True
wakki,wakki,False,False,False
snowoy,snowoy,False,False,True
KenjiHazuki,KenjiHazuki,False,True,False
HiroshiSekiya,HiroshiSekiya,False,True,False
chalkygames123,chalkygames123,True,True,True
yamaryu0508,yamaryu0508,False,True,False
mo053_7,mo053_7,True,False,False
nobuyuki50,nobuyuki50,False,False,False
tango,tango,False,False,False
shunpi114,shunpi114,True,False,False
chrofieyue,chrofieyue,True,False,True
shuntaro_hara_1,shuntaro_hara_1,True,False,False
bells17_,bells17_,True,False,True
Wizard_of_Oz__,Wizard_of_Oz__,True,False,False
msfukui,msfukui,True,False,False
kitazaki,kitazaki,True,True,True
radiocatz,radiocatz,True,False,True
tama3bb,tama3bb,True,False,True
Hayato_Yamauchi,Hayato_Yamauchi,True,False,False
hidemusiam1,hidemusiam1,True,False,False
chimame,chimame,True,False,True
yoshi_,yoshi_,False,True,False
hirosuzuki,hirosuzuki,True,False,False
syousa1982,syousa1982,True,True,True
k2_wanko,k2_wanko,True,True,True
shoito,shoito,True,True,True
fuyuko_ikeguchi,fuyuko_ikeguchi,True,True,False
ahaha0807_alg,ahaha0807_alg,True,True,True
hasegawayosuke,hasegawayosuke,True,False,False
ita_3y,ita_3y,True,False,True
yusuke_oohira_7,yusuke_oohira_7,False,True,False
nihonbuson,nihonbuson,True,False,False
csasaki,csasaki,True,False,False
HiroyukiTakahashi,HiroyukiTakahashi,True,True,True
freddiefujiwara,freddiefujiwara,True,True,True
sinemonsan,sinemonsan,True,False,False
kabe_san,kabe_san,True,False,True
Asayu,Asayu,False,False,False
songfei1983,songfei1983,True,False,False
ymotofuji1,ymotofuji1,False,True,False
RyosukeHayashi,RyosukeHayashi,True,True,False
YumaArakawa,YumaArakawa,True,True,True
_sisisin,_sisisin,True,False,True
yama-t,yama-t,True,True,True
shiijima,shiijima,False,False,False
okamotoshinnich,okamotoshinnich,True,False,False
stoshiya,stoshiya,True,False,True
mapk0y,mapk0y,True,False,False
masaru0714,masaru0714,True,True,True
bayashi_ok,bayashi_ok,True,False,False
ca-yoshi,ca-yoshi,False,False,False
MasayaYoshikawa,MasayaYoshikawa,False,True,True
s-wata,s-wata,False,False,False
yoichi22,yoichi22,True,True,True
znz,znz,True,False,True
Chida,Chida,True,False,False
YoshifumiNishimura,YoshifumiNishimura,False,True,False
TakafumiOmuro,TakafumiOmuro,False,True,False
nokogiring,nokogiring,True,False,True
IchinoSouta,IchinoSouta,False,True,False
aoki0,aoki0,True,True,False
yu-nakatsu,yu-nakatsu,False,False,False
syukai,syukai,True,False,True
Taisuke_Kikuchi,Taisuke_Kikuchi,False,True,False
riri_mohu,riri_mohu,True,True,False
mr10m,mr10m,False,True,False
m_msak7,m_msak7,True,False,False
cw-yamazaki,cw-yamazaki,False,False,True
Kogen,Kogen,False,True,False
hoshide,hoshide,True,True,False
Matsushita_Kohei,Matsushita_Kohei,False,True,False
oka-1984,oka-1984,False,False,False
s802kfhijsda,s802kfhijsda,False,False,False
gami_san,gami_san,True,False,False
yufu69,yufu69,True,True,False
bayaaki,bayaaki,True,False,False
TakanoriFujiwara,TakanoriFujiwara,True,False,False
yurutechdon,yurutechdon,True,False,False
hondamfb,hondamfb,True,True,False
maki_saki,maki_saki,True,False,False
EtouSouhei,EtouSouhei,False,True,False
YoshihiroHasegawa,YoshihiroHasegawa,True,True,False
shinsuke_itagaki,shinsuke_itagaki,False,True,False
wozniak385,wozniak385,True,True,False
yseto,yseto,True,False,False
Kyuta,Kyuta,False,False,True
shirokuro331,shirokuro331,True,True,False
YoshimotoTakumi,YoshimotoTakumi,False,False,False
RyujiHirano,RyujiHirano,False,True,False
tipo159,tipo159,True,False,False
msykxxx,msykxxx,True,False,False
tsasao,tsasao,True,True,False
armorik83,armorik83,True,False,True
cedretaber,cedretaber,True,False,False
translucens,translucens,True,True,True
linerlock,linerlock,True,False,False
ikuma_hayasaka,ikuma_hayasaka,False,True,False
baru__bora,baru__bora,True,False,False
0319ytskmt,0319ytskmt,True,True,False
mailnewsgakuriinfo,mailnewsgakuriinfo,False,False,False
nanashi,nanashi,False,False,False
haibaran,haibaran,True,False,False
toshishige_hagihara,toshishige_hagihara,False,True,False
kwkbtr,kwkbtr,True,False,False
atsushi_mori0521,atsushi_mori0521,True,True,False
Sugima,Sugima,False,False,True
HideakiIsono,HideakiIsono,False,True,False
SAIK,SAIK,True,True,False
pokotyamu,pokotyamu,True,True,True
zooooooo_,zooooooo_,True,False,False
motonobu_taniguchi,motonobu_taniguchi,False,True,False
Jxck,Jxck,True,False,False
tsutakata,tsutakata,False,False,False
yk04npr,yk04npr,True,False,True
matsu,matsu,False,False,False
tsunasea,tsunasea,True,False,False
chikumin,chikumin,False,False,False
gw_cule,gw_cule,True,False,True
whiteax1,whiteax1,True,False,False
KatsuhisaKitano,KatsuhisaKitano,True,True,False
Rarara,Rarara,False,True,False
manbennaku,manbennaku,False,True,False
KouKomazawa,KouKomazawa,False,True,False
javajal,javajal,False,False,False
nishiw27,nishiw27,False,False,False
tkmnkik637,tkmnkik637,False,True,True
ArimaYuya,ArimaYuya,False,True,False
DaisukeOnoe,DaisukeOnoe,False,True,False
kinugawamasato,kinugawamasato,True,False,False
munechika_nishimura,munechika_nishimura,True,False,True
y---k,y---k,False,False,False
s30,s30,False,False,False
qckenp,qckenp,False,False,False
nemotatsu,nemotatsu,False,True,False
GenkiWatanabe,GenkiWatanabe,False,True,False
slboy18,slboy18,True,True,False
trnk,trnk,False,False,False
Tuser,Tuser,False,False,False
yasuhito_h,yasuhito_h,False,True,False
beppu01,beppu01,True,False,False
ykmchd,ykmchd,True,False,False
_atoake,_atoake,False,False,False
koba04,koba04,True,False,False
sogaoh,sogaoh,True,True,False
elmore_mk2,elmore_mk2,True,False,False
YoshinoriOHTA,YoshinoriOHTA,False,True,False
TakefumiKubota,TakefumiKubota,False,True,False
huntinggirled,huntinggirled,False,False,False
tattaka,tattaka,False,False,False
minyako,minyako,True,False,False
satoshi_kishi,satoshi_kishi,True,True,True
myakura,myakura,False,False,True
k_komaki,k_komaki,False,False,False
KazumaHidaka,KazumaHidaka,False,True,False
yikebata,yikebata,True,False,True
vimyum,vimyum,False,False,True
c-cho,c-cho,False,False,False
tw_koji,tw_koji,True,False,False
nanntorokusei,nanntorokusei,True,False,False
MysticDoll,MysticDoll,True,True,True
janus_wel,janus_wel,True,False,True
aha-sekine,aha-sekine,True,False,True
namagon,namagon,False,True,True
tach,tach,True,True,True
ouisql,ouisql,True,False,False
takashi_kawamoto_777,takashi_kawamoto_777,True,True,False
avosalmon,avosalmon,True,True,True
honta,honta,True,False,False
kazuy,kazuy,False,True,True
tama1248,tama1248,False,False,False
y_nishihara_Ed,y_nishihara_Ed,True,False,True
EijiMachida,EijiMachida,False,True,False
unagi_pie,unagi_pie,True,False,False
maasa,maasa,True,False,True
takanori_oki_9,takanori_oki_9,True,True,True
akemi001,akemi001,False,False,False
r_takaishi,r_takaishi,True,False,True
ioriveur,ioriveur,True,False,False
trhorikawa,trhorikawa,True,False,False
k_mats,k_mats,True,False,False
jsmsmj,jsmsmj,False,False,False
h-arkt,h-arkt,False,True,False
t_hara,t_hara,True,False,True
fumihiroito,fumihiroito,False,True,False
k_kasai,k_kasai,True,False,True
tak_c,tak_c,True,True,False
SatoSeki,SatoSeki,False,True,False
mogawa-atlas,mogawa-atlas,False,False,True
glabra,glabra,False,False,True
subaruf,subaruf,False,False,True
crossroad0201,crossroad0201,True,True,False
yuzu_441,yuzu_441,True,False,False
Revival,Revival,True,True,False
rs_0512,rs_0512,True,False,True
Kento-E,Kento-E,False,False,True
Takeaki,Takeaki,True,True,True
shisama,shisama,True,False,True
makinoshin,makinoshin,True,False,False
lemon3,lemon3,False,False,False
ma_kun3376,ma_kun3376,True,False,False
cookie1234,cookie1234,False,False,False
mosmosmos,mosmosmos,False,False,False
teihen,teihen,True,False,False
tatsushitoji,tatsushitoji,True,False,True
aoi_erimiya,aoi_erimiya,True,True,True
K_Tiva,K_Tiva,True,False,False
ToSurpass12,ToSurpass12,True,False,False
yenjoji,yenjoji,True,True,True
Todachii,Todachii,True,True,False
daisuke_fuchiwaki,daisuke_fuchiwaki,False,True,False
guccii,guccii,True,False,False
ngm,ngm,True,True,False
yuki_okura,yuki_okura,True,True,False
7hepta,7hepta,True,False,False
armylee,armylee,False,False,True
annie_pocket,annie_pocket,False,True,False
HiroakiYoshii,HiroakiYoshii,False,True,False
takuya_lotus,takuya_lotus,True,True,False
KohichiNagatahira,KohichiNagatahira,False,True,False
m_goto,m_goto,True,False,False
halfbloodprince,halfbloodprince,True,False,False
hiromix2222,hiromix2222,True,False,True
huki3373,huki3373,False,False,False
KuranobuTadaaki,KuranobuTadaaki,False,True,False
myzwtkhd,myzwtkhd,True,False,False
11No_m,11No_m,True,False,False
MasaruTakei,MasaruTakei,True,True,False
nemoemon,nemoemon,True,False,False
burned_mikan,burned_mikan,False,True,False
waruru,waruru,False,False,False
MasahiroEndo,MasahiroEndo,False,True,False
Alisa_Yama,Alisa_Yama,False,False,False
HiroyukiMashimo,HiroyukiMashimo,False,True,False
hiroshi0316,hiroshi0316,False,False,False
shibata_nomad2018,shibata_nomad2018,False,False,False
Mika-n,Mika-n,False,False,False
m0325daisuke,m0325daisuke,False,False,False
GoYokoyama,GoYokoyama,False,True,False
ku_ma_ykk,ku_ma_ykk,False,False,False
syuusa9,syuusa9,True,False,False
MOON0401,MOON0401,False,False,False
gsuehiro,gsuehiro,True,False,False
spring_aki,spring_aki,True,False,False
ogomr,ogomr,True,True,True
koudai_takahasi_37,koudai_takahasi_37,False,True,True
lnkusu,lnkusu,False,False,False
Djokov07,Djokov07,True,False,False
koichi0814,koichi0814,True,True,False
mikakane,mikakane,True,True,True
HIKKO624,HIKKO624,True,False,True
_pochio_,_pochio_,True,True,True
44,44,True,True,True
herakures,herakures,True,False,False
EOA,EOA,True,False,False
teratera,teratera,False,False,False
yoshi0628,yoshi0628,False,True,False
tamayan_18,tamayan_18,True,False,True
esu8536,esu8536,True,False,False
southwest59,southwest59,False,True,False
yoshiTheConnpass,yoshiTheConnpass,False,False,False
castanea,castanea,False,False,False
tsutorm,tsutorm,False,False,True
MakotoY,MakotoY,True,True,True
ikura1,ikura1,True,False,True
sayakakawasaki,sayakakawasaki,False,False,False
dev4kj,dev4kj,False,False,True
lincrea_doi,lincrea_doi,False,False,False
Kayocco,Kayocco,True,False,False
tinypiece,tinypiece,True,False,False
ykhroki,ykhroki,True,True,False
Durarumin,Durarumin,True,False,False
nobuhiro_nakayama_12,nobuhiro_nakayama_12,True,True,True
makio-tsukamoto,makio-tsukamoto,True,True,True
taisuke_iura,taisuke_iura,False,True,False
kotaro_yoshimatsu,kotaro_yoshimatsu,True,False,True
IbisaOtani,IbisaOtani,False,True,False
ishigurohitoshi,ishigurohitoshi,False,False,False
CyHV2,CyHV2,False,False,False
44smkn,44smkn,False,False,True
asa_314,asa_314,False,False,False
djnavi69,djnavi69,False,False,True
hinohi,hinohi,False,False,False
satoshi45,satoshi45,False,False,False
TakatoOta,TakatoOta,False,True,False
halchiyo,halchiyo,True,True,True
a-know,a-know,True,False,True
kotk,kotk,False,False,False
wara,wara,False,False,True
m-daichang,m-daichang,True,False,True
neo_code,neo_code,False,False,False
Neo_venezia,Neo_venezia,True,False,True
hMatoba,hMatoba,False,False,True
k3trisnake,k3trisnake,True,False,False
esaka,esaka,False,False,False
YuyaHayashi_n,YuyaHayashi_n,False,True,False
ashrabit,ashrabit,False,True,False
troter,troter,True,True,False
mallowlabs,mallowlabs,True,False,False
azu,azu,False,False,True
uggds,uggds,True,False,True
kjim,kjim,True,True,True
yamanoku,yamanoku,True,True,True
isdh,isdh,False,False,True
sei40kr,sei40kr,False,True,True
Mituakikun,Mituakikun,True,False,False
Kazuya_Seki,Kazuya_Seki,True,False,False
DaikiMatsuzaki,DaikiMatsuzaki,False,True,False
tanaka_web,tanaka_web,True,False,False
4245Ryomt,4245Ryomt,True,False,True
otofu-square,otofu-square,True,False,True
tetsuya_y,tetsuya_y,True,True,True
uttii_tech,uttii_tech,True,False,False
sugyan,sugyan,True,True,True
neuwpe,neuwpe,True,True,True
__gfx__,__gfx__,True,True,True
akira_miki,akira_miki,True,True,True
Attsun1031,Attsun1031,True,False,False
shinofara,shinofara,True,True,True
mari_e0426,mari_e0426,True,False,True
tako-black,tako-black,True,True,True
kechol,kechol,True,False,False
ryosuke_kanba,ryosuke_kanba,True,True,False
ohbarye,ohbarye,True,False,True
hachi_eiji,hachi_eiji,True,False,False
HitoshiKojima,HitoshiKojima,True,True,True
w,w,True,True,True
baco_YukiKobayashi,baco_YukiKobayashi,False,True,False
yanoken_tus,yanoken_tus,True,False,True
clown_kage,clown_kage,True,False,False
tajima12,tajima12,True,False,True
tsukita,tsukita,False,False,False
shuymn,shuymn,True,False,True
mase,mase,True,True,True
Jackie0301,Jackie0301,False,False,False
DaiMiyahara,DaiMiyahara,False,True,False
tanakaorin,tanakaorin,False,False,False
JunkoMaeda,JunkoMaeda,True,True,False
okitan,okitan,True,False,False
yosuke_kurami,yosuke_kurami,True,True,True
hirokundayon,hirokundayon,True,True,True
makiobiz,makiobiz,True,True,False
koedoyoshida,koedoyoshida,True,True,True
sazanami,sazanami,False,False,False
nkmrtks,nkmrtks,False,True,True
t_iseki,t_iseki,False,False,False
hiroshitoda,hiroshitoda,True,True,True
YoshiyukiTakeda,YoshiyukiTakeda,False,True,False
igajou,igajou,False,False,True
dreamagicjp,dreamagicjp,True,True,True
mohira,mohira,False,True,False
tamanobi,tamanobi,True,False,False
MayHonda,MayHonda,False,True,False
Seki2,Seki2,False,True,False
ky_yk_d,ky_yk_d,True,False,True
YuichiOrimo,YuichiOrimo,False,True,False
m5s9t6k5,m5s9t6k5,False,True,False
mamama,mamama,False,False,False
asasasas,asasasas,False,False,False
EmiTakiguchi,EmiTakiguchi,False,False,True
YuukiFujimagari,YuukiFujimagari,True,True,False
hama7230,hama7230,True,False,False
akamah,akamah,False,False,True
Khwarizmi,Khwarizmi,True,False,True
_R4NG3_,_R4NG3_,True,False,False
hiro_123,hiro_123,False,False,False
e_mumble,e_mumble,True,False,False
naghbIQtIqHom,naghbIQtIqHom,True,False,False
naru0ga,naru0ga,True,True,True
Tring,Tring,True,True,False
joe_uragami,joe_uragami,True,False,False
tmasuhara,tmasuhara,True,False,False
rin2_,rin2_,True,False,False
tshimizu,tshimizu,True,True,True
zvm03166,zvm03166,False,True,False
yamasaki696,yamasaki696,True,False,False
kz_suzuki,kz_suzuki,True,False,False
a_kuratani,a_kuratani,True,True,True
Mura-Mi,Mura-Mi,True,True,True
ryo_ogasawara,ryo_ogasawara,False,True,False
kusekke1,kusekke1,False,True,True
n0m0t0,n0m0t0,False,True,False
mg,mg,True,False,False
YoshiakiYoneyama,YoshiakiYoneyama,True,True,False
sanae-y,sanae-y,False,False,False
KyokoAyama,KyokoAyama,False,True,False
riririusei99,riririusei99,True,False,True
alexi-laiho,alexi-laiho,False,False,False
MasayukiWakizaka,MasayukiWakizaka,False,True,False
zu-min,zu-min,True,True,True
thorikoshi,thorikoshi,False,False,True
SatoshiOda,SatoshiOda,False,True,False
skmtkht,skmtkht,True,False,False
shimkaz,shimkaz,True,False,False
YusukeShirai,YusukeShirai,False,True,False
miho_suuna,miho_suuna,True,False,False
pimako_P,pimako_P,True,False,False
tommy_dora,tommy_dora,False,False,False
fusato,fusato,False,False,True
matsu_ko,matsu_ko,False,True,False
TakehikoTomiyama,TakehikoTomiyama,False,True,False
beo_dev,beo_dev,True,False,True
MasatoIshii,MasatoIshii,False,True,False
YukiIshibashi,YukiIshibashi,False,True,False
sanfran,sanfran,False,False,False
chisatou,chisatou,False,False,False
makingjoy,makingjoy,False,True,False
ymaika,ymaika,False,True,False
da_ki_,da_ki_,False,False,False
MasahiroHattori,MasahiroHattori,False,True,False
TakenouchiSeiji,TakenouchiSeiji,False,True,False
Ryo_Sakai,Ryo_Sakai,False,True,False
FumikaFujimatsu,FumikaFujimatsu,False,True,False
homel15k,homel15k,True,False,False
sawaka,sawaka,False,False,False
teyamagu,teyamagu,True,False,False
badecafe,badecafe,False,False,False
yudai_nakayama,yudai_nakayama,True,True,False
chiaki_maruyama,chiaki_maruyama,False,True,False
denn28,denn28,True,False,False
masami256,masami256,True,False,False
Koike,Koike,False,False,False
s_hiro_k,s_hiro_k,True,True,True
koyhoge,koyhoge,True,True,True
ktana_,ktana_,True,False,False
hatora3421,hatora3421,True,False,False
hirokazuoza,hirokazuoza,True,False,False
sato001,sato001,False,False,False
44ugu,44ugu,False,False,False
imaoka_micihihiro,imaoka_micihihiro,False,True,False
echizenya_yota,echizenya_yota,True,False,False
takayuki_satou_507,takayuki_satou_507,False,True,False
inyocchi,inyocchi,True,False,False
guutara,guutara,True,False,False
yosuke_san,yosuke_san,False,True,False
kinunori,kinunori,True,False,False
johnokaz,johnokaz,True,False,False
gomer_pyle2,gomer_pyle2,False,True,False
h_la_watch_la,h_la_watch_la,True,False,False
shikio_maezawa,shikio_maezawa,False,True,False
bornknow108,bornknow108,True,False,False
ymyy_3836,ymyy_3836,False,False,False
ramusara,ramusara,True,False,False
markapple7,markapple7,True,False,False
knks,knks,False,False,False
AkihiroTerakoshi,AkihiroTerakoshi,True,True,False
higtake,higtake,False,False,False
inf_scq,inf_scq,True,False,False
TakahiroNagai,TakahiroNagai,True,True,False
TakaoKashima,TakaoKashima,False,True,False
TakashiHasuike,TakashiHasuike,False,True,False
Shun-d,Shun-d,True,True,True
takeya0x86,takeya0x86,True,False,False
ken_ozawa,ken_ozawa,True,False,False
cocoa_abc,cocoa_abc,False,True,False
yutakatay,yutakatay,True,False,True
naokimiura,naokimiura,False,False,False
onakahetta,onakahetta,False,True,False
jyamamoto,jyamamoto,False,False,False
ShoShimohata,ShoShimohata,False,True,False
usagivskame,usagivskame,False,False,True
u_utty,u_utty,False,False,False
NRT,NRT,False,False,True
KoheiShimomura,KoheiShimomura,True,True,False
mottie0911,mottie0911,True,False,False
kojisaiki,kojisaiki,True,True,True
thatakey,thatakey,False,False,False
KensukeFujiya,KensukeFujiya,False,True,False
ooguro,ooguro,False,False,False
taminif,taminif,True,False,False
ikeponmaru,ikeponmaru,True,False,False
uetani_n,uetani_n,False,False,False
watiko,watiko,True,False,False
qtndx563,qtndx563,False,False,True
a_m_a_a_m_a,a_m_a_a_m_a,False,False,False
studiomilchi,studiomilchi,True,False,False
nakatomo,nakatomo,False,True,False
RiekoMiyamoto,RiekoMiyamoto,False,True,False
itomakiweb,itomakiweb,True,False,True
wander,wander,False,False,False
HideyukiKai,HideyukiKai,False,True,False
tarui,tarui,False,True,True
hiroshinakasone,hiroshinakasone,False,False,True
wakky8639,wakky8639,True,False,False
yu_menoshima,yu_menoshima,False,False,False
marooon88,marooon88,True,False,False
keiyonekawa,keiyonekawa,True,False,False
uzmz,uzmz,False,False,True
tkkihykw,tkkihykw,False,False,False
ark16,ark16,False,False,False
Huruikagi,Huruikagi,True,True,True
koshi_y,koshi_y,False,False,False
mitty_mn,mitty_mn,False,True,False
kens_k,kens_k,False,False,False
viva_tweet_x,viva_tweet_x,True,True,False
_simarina,_simarina,True,False,False
alflaylah001,alflaylah001,True,False,False
regm,regm,False,True,False
Daisuke19820415Mori,Daisuke19820415Mori,False,True,False
Kurosan_9087,Kurosan_9087,False,False,False
mayobimu,mayobimu,True,True,True
shirley,shirley,False,False,False
TaroArimoto,TaroArimoto,False,True,False
RikiyaInoue,RikiyaInoue,False,True,False
TakeshiKoide,TakeshiKoide,False,True,False
ogawaaaa,ogawaaaa,False,True,False
Yuta_Mochizuki,Yuta_Mochizuki,False,True,False
sauna_addict,sauna_addict,True,False,False
YukiOsawa,YukiOsawa,False,True,True
R_kubo,R_kubo,False,False,True
masayan_33,masayan_33,False,False,False
yamanakayuji,yamanakayuji,False,False,True
kbc16a01,kbc16a01,False,False,True
taketake3,taketake3,False,False,False
nishiiino,nishiiino,True,False,False
fukuhaman,fukuhaman,False,True,False
YoshikiTamura,YoshikiTamura,False,True,False
kanechika7,kanechika7,False,False,True
kamijiseiya,kamijiseiya,False,False,True
fkym,fkym,False,False,False
komepiyo,komepiyo,False,False,False
xrekkusu,xrekkusu,True,False,False
uruuru,uruuru,False,True,False
ooooooo_q,ooooooo_q,True,False,False
ytn86,ytn86,True,False,False
kazu1130_h,kazu1130_h,True,False,False
bla3kenamel2,bla3kenamel2,True,False,False
yousukezan,yousukezan,True,False,False
raynold,raynold,False,True,False
llamakko,llamakko,True,False,False
minetosh,minetosh,True,False,False
bebop,bebop,False,False,False
masato_ka,masato_ka,True,False,False
kwappa,kwappa,True,True,True
tokoroten,tokoroten,True,False,False
hanasoo,hanasoo,True,False,False
meijik,meijik,True,False,False
decobisu,decobisu,True,False,False
kenichi_mitsuki,kenichi_mitsuki,False,True,False
Aci0As4n,Aci0As4n,True,False,False
takesako,takesako,True,False,False
kizuki,kizuki,False,False,False
ninjinkun,ninjinkun,True,True,True
odk211,odk211,False,False,True
btomasato,btomasato,True,True,True
futesi_nebusoku,futesi_nebusoku,True,False,False
K_Kitahara,K_Kitahara,True,False,False
nezuku,nezuku,True,False,False
HirokiKudo,HirokiKudo,False,True,False
RyoFujiura,RyoFujiura,False,True,False
hosoi0930,hosoi0930,False,False,False
k2k2monta,k2k2monta,False,True,False
potato4d,potato4d,True,True,True
usk,usk,False,True,False
MasanoriNamiki,MasanoriNamiki,False,True,False
yasei_no_otoko,yasei_no_otoko,True,False,False
zigorou,zigorou,False,False,True
ko4,ko4,True,True,False
knaohiro1,knaohiro1,True,False,True
gohh56,gohh56,True,False,False
ketztaro,ketztaro,True,False,False
genki-sugiyama,genki-sugiyama,True,False,False
tukizi,tukizi,False,True,False
nomchim,nomchim,False,False,False
AkikoFujita_akk2,AkikoFujita_akk2,False,True,False
mooriiii,mooriiii,False,True,False
nobunori,nobunori,False,False,False
eriko,eriko,False,True,False
akihisa_miyanaga,akihisa_miyanaga,False,True,False
fantasista_tetsuya,fantasista_tetsuya,True,True,False
uni_ishizaki,uni_ishizaki,True,True,True
nksm,nksm,True,False,False
tatsuro_yasukawa,tatsuro_yasukawa,True,True,True
shakezo_,shakezo_,True,False,False
KaBuKi,KaBuKi,False,False,True
chashu,chashu,True,True,False
nikoko45,nikoko45,True,False,False
blackrx14,blackrx14,False,True,False
TakumiBaba,TakumiBaba,False,False,True
kick240,kick240,True,True,False
wi___iw,wi___iw,True,True,False
masaya_iwamori,masaya_iwamori,True,True,False
risay,risay,True,True,False
tyan_hikaru,tyan_hikaru,True,False,False
ysuzuki0327,ysuzuki0327,True,True,True
yusuke_hata_79,yusuke_hata_79,True,True,False
naru0504,naru0504,True,True,False
sue_co,sue_co,False,False,False
hayaki_yamamoto,hayaki_yamamoto,False,True,False
picarock,picarock,False,True,False
akimoto_ryohei,akimoto_ryohei,False,True,False
nacchin777,nacchin777,False,False,False
ryo_tokunaga,ryo_tokunaga,True,True,False
kitamu,kitamu,False,True,False
hiraku1984,hiraku1984,False,True,False
osinco,osinco,False,True,False
takeshi_endu,takeshi_endu,True,False,False
miyuki_tan,miyuki_tan,True,True,False
ueda1023,ueda1023,True,False,False
HitomiShimada,HitomiShimada,False,True,False
ysk279,ysk279,True,False,False
IoriMizuno,IoriMizuno,False,True,False
tchkmngy,tchkmngy,False,True,False
YasuhaKuroki,YasuhaKuroki,False,True,True
ucco,ucco,False,True,False
TomohikoIshii,TomohikoIshii,True,True,False
MadokaNakagomi,MadokaNakagomi,True,True,False
takada,takada,False,True,True
MShino,MShino,True,False,False
ShingoKawashima,ShingoKawashima,False,False,True
igtm,igtm,False,True,False
belve-fukui,belve-fukui,False,True,False
MichihikoYaguchi,MichihikoYaguchi,False,False,False
makkareru,makkareru,False,False,False
megmira,megmira,False,True,False
DaisukeMikita,DaisukeMikita,False,True,False
Tokimaru,Tokimaru,False,True,False
MisatoWaki,MisatoWaki,False,True,False
mikimhk,mikimhk,True,False,True
MitsuharuSuzuki,MitsuharuSuzuki,False,True,False
shiraissy,shiraissy,False,True,False
AtsushiHamano,AtsushiHamano,False,True,False
OsamuSato,OsamuSato,True,False,False
bakainubau,bakainubau,False,True,True
ayah,ayah,False,False,False
RyoichiKomagamine,RyoichiKomagamine,True,True,False
Fukane,Fukane,False,True,False
AkaneIkegami,AkaneIkegami,True,False,False
KahoTajima,KahoTajima,True,True,False
pontamiu,pontamiu,False,False,False
KokichiOmi,KokichiOmi,False,True,False
t-r,t-r,False,True,False
freelunch,freelunch,False,True,False
purupuru,purupuru,False,False,False
kanadai,kanadai,True,False,False
MasaoIkeya,MasaoIkeya,False,True,False
SakiKanebako,SakiKanebako,False,True,False
ShotaChiba,ShotaChiba,False,True,False
TakumiKamizaki,TakumiKamizaki,True,True,False
haguri,haguri,True,False,False
MasayaSatou,MasayaSatou,False,True,False
takeitai,takeitai,False,False,False
ToshiyaSasaki,ToshiyaSasaki,False,True,False
kkMMMcc,kkMMMcc,True,False,False
hokutohagi,hokutohagi,False,True,False
Ty0001,Ty0001,False,False,False
poppop07,poppop07,True,True,False
katorei,katorei,False,True,False
yuki_w,yuki_w,False,True,False
cobashiro,cobashiro,False,False,False
akihito1986,akihito1986,True,True,True
ToruYoshino,ToruYoshino,True,True,False
OikeSaeka,OikeSaeka,False,True,False
AsukaFujiwara,AsukaFujiwara,False,True,False
TakuyaSakuramoto,TakuyaSakuramoto,False,True,False
ykio_sa,ykio_sa,False,True,False
r_kappy39,r_kappy39,False,True,False
YukihiroTanaka,YukihiroTanaka,True,False,False
ShuuheiFujiwara,ShuuheiFujiwara,False,True,False
yukaizm,yukaizm,False,True,False
YusukeKawauchi,YusukeKawauchi,False,True,False
sera_a7,sera_a7,True,False,False
tateyama0327,tateyama0327,False,True,False
nogutomo,nogutomo,False,True,False
tomomo100,tomomo100,True,False,True
show12,show12,False,False,False
HajimeKobayashi,HajimeKobayashi,False,True,False
toshi_yoshi,toshi_yoshi,False,False,False
MahokoAbe,MahokoAbe,False,True,False
MegumiHomma,MegumiHomma,False,True,False
TakeshiAtarashi,TakeshiAtarashi,True,True,False
kareshiva,kareshiva,False,False,False
tenk0,tenk0,False,False,True
IshibashiMunechika,IshibashiMunechika,True,True,False
AyanoHirnao,AyanoHirnao,False,True,False
keiichitsuzaki,keiichitsuzaki,True,True,False
yutofunahashi,yutofunahashi,False,True,False
YanagidaTsutomu,YanagidaTsutomu,False,True,False
no_y,no_y,False,False,False
gretsch0516,gretsch0516,False,True,False
QmoLee,QmoLee,False,True,False
steak,steak,False,False,False
masa178,masa178,False,False,False
TakeshiYokoi,TakeshiYokoi,False,True,False
NobuoTsuchiya,NobuoTsuchiya,False,True,False
MitoTakaya,MitoTakaya,True,True,False
sakashin,sakashin,False,True,False
RuiChen,RuiChen,False,True,False
YukaUeda,YukaUeda,False,True,False
tomopy03,tomopy03,True,False,True
tnxtnxtnx,tnxtnxtnx,False,True,False
fktck,fktck,False,False,False
masato24,masato24,True,True,False
ChihiroKashima,ChihiroKashima,False,True,False
mimimomosumomo,mimimomosumomo,True,False,False
TosinariAsahi,TosinariAsahi,True,True,False
ImagineKopan,ImagineKopan,True,False,False
AyakaIkeda,AyakaIkeda,False,True,False
dai0719,dai0719,False,False,False
hitomihirama,hitomihirama,True,True,False
Takie_Wakatabi,Takie_Wakatabi,True,True,False
s3-nakagawa,s3-nakagawa,False,False,False
millineee,millineee,False,False,False
Takeshi_Yoshimoto,Takeshi_Yoshimoto,False,False,False
fhsato,fhsato,False,False,False
ChikaOno,ChikaOno,False,True,False
ChihiroKusuda,ChihiroKusuda,False,True,False
takuro_09,takuro_09,False,False,False
ShunsukeTakeshima,ShunsukeTakeshima,False,True,False
k_m123,k_m123,False,False,False
EminoFukagawa,EminoFukagawa,False,True,False
knzwmnr,knzwmnr,False,False,False
ymcorinthians,ymcorinthians,False,True,False
azuman,azuman,False,False,False
AsamiShimizu,AsamiShimizu,False,True,False
ChihiroMatsunobe,ChihiroMatsunobe,False,False,True
ErinaYoshikawa,ErinaYoshikawa,False,True,False
HayatoKamono,HayatoKamono,False,False,False
SakuraNomura,SakuraNomura,False,True,False
KeTa,KeTa,False,True,False
GingaBaba,GingaBaba,False,True,False
YutaSumiya,YutaSumiya,False,True,False
mikiokiura,mikiokiura,True,False,False
emuaki,emuaki,False,True,False
takkanm,takkanm,True,True,True
kaakaa_hoe_prog,kaakaa_hoe_prog,True,False,True
kitayama_t,kitayama_t,True,False,False
toshi_kd,toshi_kd,True,False,False
siburu,siburu,True,False,False
tomonori_ishikawa_9,tomonori_ishikawa_9,False,True,False
masayuki610930,masayuki610930,True,True,True
yuchans87,yuchans87,True,False,False
hsugiyama,hsugiyama,False,False,False
T-Yoshitaka,T-Yoshitaka,True,False,True
TakateruKato,TakateruKato,False,True,False
minahas37,minahas37,True,False,False
takenishi,takenishi,False,False,True
mtakahas,mtakahas,True,False,False
tominagamichiya,tominagamichiya,True,True,False
tetu87kamura,tetu87kamura,False,False,False
mimura1133,mimura1133,True,True,True
urabusa,urabusa,True,True,False
yagihashoo,yagihashoo,True,True,True
scientia_admin,scientia_admin,False,True,False
ecoha_30,ecoha_30,True,False,False
delphinz,delphinz,True,False,False
Yoshihiro_Atari,Yoshihiro_Atari,True,True,True
nyachihide,nyachihide,True,True,False
GreenShallot,GreenShallot,True,False,False
YusukeTakamatsu,YusukeTakamatsu,False,False,False
at24jo,at24jo,False,False,False
R-E,R-E,False,True,False
oga-debu,oga-debu,False,True,False
yukio11,yukio11,False,False,True
yskhashi,yskhashi,False,True,False
takayuki-tk,takayuki-tk,True,True,True
mendywata,mendywata,False,False,True
keitsukat,keitsukat,True,False,False
ssakurai,ssakurai,False,False,False
mozamimy,mozamimy,True,False,True
Sho_Noda,Sho_Noda,False,True,False
mizukmb,mizukmb,True,False,True
smarty,smarty,True,False,False
etokiwa,etokiwa,True,True,False
hiro78,hiro78,True,True,True
yuyafeb,yuyafeb,True,False,False
songshuqing,songshuqing,False,False,True
kojima_shoji,kojima_shoji,False,False,False
yanoshi,yanoshi,True,False,True
yomochan,yomochan,True,True,False
ecaze,ecaze,True,False,False
24kaze,24kaze,True,True,False
saki_yoshioka_165,saki_yoshioka_165,False,True,False
kiyochika,kiyochika,True,False,False
o_ti,o_ti,True,True,True
magi1125,magi1125,True,True,True
AkikoFujita,AkikoFujita,False,True,False
NaokoMitsuhashi,NaokoMitsuhashi,False,True,False
kuwahara_jsar,kuwahara_jsar,True,False,True
MinakoYagi,MinakoYagi,False,True,False
frogtheclock,frogtheclock,False,False,False
nawoto_hamada,nawoto_hamada,True,False,False
pm_rah,pm_rah,True,False,True
hachi_ihcah,hachi_ihcah,False,True,False
teptter,teptter,True,False,False
KeiichiIshida,KeiichiIshida,False,False,False
tokimari,tokimari,False,False,True
shunito,shunito,True,False,False
stk_7,stk_7,True,False,False
MiyakoKita,MiyakoKita,False,True,False
IchikiRyo,IchikiRyo,False,True,True
OsamuSuzuki,OsamuSuzuki,False,True,False
KosukeFujita1987,KosukeFujita1987,False,True,False
dragan10,dragan10,False,True,False
monkeydolce,monkeydolce,True,True,True
furusin_oriver,furusin_oriver,True,False,True
okeicalm,okeicalm,True,False,False
HIRO1Q73,HIRO1Q73,True,False,False
weathare,weathare,False,True,True
gretel4th,gretel4th,False,False,False
aka_C,aka_C,True,False,False
TrueSnowman,TrueSnowman,True,False,True
515hikaru,515hikaru,True,False,True
tombeecreator,tombeecreator,True,False,False
japanettkd,japanettkd,False,False,False
bflag23,bflag23,False,False,False
TKKobe,TKKobe,False,True,False
mur_ms_,mur_ms_,True,True,False
fumiyas,fumiyas,True,False,True
jimibandrix,jimibandrix,True,True,True
moongift,moongift,True,True,False
YoshiyukiKamitane,YoshiyukiKamitane,False,True,False
JunKitamura,JunKitamura,True,True,True
aman,aman,False,True,False
Kou-N,Kou-N,False,False,False
laurent-chaply,laurent-chaply,False,True,False
shallowcovergame,shallowcovergame,False,False,False
t-sano-kf,t-sano-kf,False,True,False
meg555,meg555,True,True,False
e-taka,e-taka,False,False,False
todogzm,todogzm,True,False,False
kogurek1,kogurek1,True,True,True
sumio_tym,sumio_tym,True,False,True
Sakaeda1112,Sakaeda1112,True,True,True
cnttkhs,cnttkhs,True,False,True
sioaji,sioaji,False,False,False
t2y,t2y,False,True,False
kysnm,kysnm,True,False,False
yut148,yut148,True,False,False
prototechno,prototechno,True,True,False
_tusui,_tusui,True,True,False
takakiku,takakiku,True,False,True
turbo_ts,turbo_ts,True,False,False
tomohiko_ikeda_583,tomohiko_ikeda_583,False,True,False
i97506051502,i97506051502,True,False,False
hokkai7go,hokkai7go,True,False,False
eccyan,eccyan,False,True,True
takahara_mitsuyoshi_3,takahara_mitsuyoshi_3,False,True,False
saku2saku,saku2saku,True,True,False
hirokazu_ohtaka,hirokazu_ohtaka,True,True,False
hogepanic,hogepanic,True,False,True
showooo,showooo,False,False,False
jumpei_yokota_1,jumpei_yokota_1,True,True,False
akimitsu_takagi,akimitsu_takagi,True,True,True
Matsuda_Yoshihir,Matsuda_Yoshihir,True,True,True
_hito_,_hito_,True,False,False
sasatake,sasatake,True,False,True
tauso,tauso,True,True,True
clickhirose,clickhirose,True,False,True
Warp013,Warp013,True,False,False
mniizuma,mniizuma,True,True,False
matsB,matsB,False,False,False
yokozawa,yokozawa,True,True,True
bringer1092,bringer1092,False,False,False
yoshiteruogawa,yoshiteruogawa,False,True,False
ocadaruma,ocadaruma,True,False,True
chanibarin,chanibarin,True,True,True
ooshiro_kazuma,ooshiro_kazuma,False,True,True
pandax381,pandax381,True,False,True
KoichiHaruna,KoichiHaruna,False,True,True
nao-yamamoto,nao-yamamoto,True,False,False
aidahomame,aidahomame,True,False,True
yuki-yy,yuki-yy,True,False,False
heavencho,heavencho,True,False,False
poponuki,poponuki,True,False,False
tomohiko_isobe,tomohiko_isobe,False,True,False
ko_mo_san,ko_mo_san,True,True,False
Taichi_Dodo,Taichi_Dodo,False,True,True
harukaze8150,harukaze8150,False,False,False
red-dragon,red-dragon,False,False,False
maedatt7,maedatt7,True,False,False
otomo,otomo,False,False,False
kevin_hhsh020,kevin_hhsh020,True,True,False
befs_anne,befs_anne,True,False,False
yama-ken,yama-ken,False,False,False
uu4k,uu4k,False,False,True
y_tj,y_tj,False,False,False
Zhenmei,Zhenmei,False,False,False
yyama,yyama,False,False,False
musume,musume,False,False,False
ra3,ra3,True,True,True
t_kwmt,t_kwmt,False,False,False
tatsuya_yamanaka,tatsuya_yamanaka,False,True,False
h-tobe,h-tobe,False,False,True
teppeis,teppeis,True,False,True
akkyakky,akkyakky,True,False,True
lcst_topevx,lcst_topevx,True,False,False
Taria,Taria,True,False,False
SasadaKoichi,SasadaKoichi,False,True,False
herumi,herumi,True,False,False
Daisuke_Suzuki,Daisuke_Suzuki,True,True,True
shoma,shoma,True,False,True
musaprg,musaprg,True,True,True
HosodaMath,HosodaMath,True,False,False
atpons,atpons,True,False,True
RyoRozyo,RyoRozyo,True,False,False
sk2sat,sk2sat,False,False,True
KOBA789,KOBA789,True,False,True
moriyasu,moriyasu,True,False,True
tack_kjm,tack_kjm,True,False,False
murajun1978,murajun1978,True,False,False
nacika,nacika,True,False,True
uniunix,uniunix,True,True,True
nullkal,nullkal,True,False,True
ogatamakoto0521,ogatamakoto0521,True,True,False
amasho,amasho,True,False,True
yalab,yalab,True,False,False
emi_matsuda_3785,emi_matsuda_3785,False,True,False
nobuoka,nobuoka,True,True,True
isamu_suzuki_54,isamu_suzuki_54,True,True,True
tkc49,tkc49,True,True,True
yukidarake,yukidarake,True,False,False
rakuda_daraku,rakuda_daraku,True,False,False
qsona,qsona,True,False,True
taquayukii,taquayukii,True,True,True
masaki_ohsumi,masaki_ohsumi,True,True,True
masayuki_tateno_12,masayuki_tateno_12,True,True,False
wakamsha,wakamsha,True,True,True
_hiyamamo,_hiyamamo,True,False,True
zakey,zakey,True,False,False
frontainer,frontainer,True,False,True
shimashima,shimashima,True,False,False
chikoski,chikoski,True,False,False
ShuntaTsurumaki,ShuntaTsurumaki,False,True,False
hiromichi_koeda,hiromichi_koeda,False,True,False
yui-takeuchi,yui-takeuchi,True,True,True
ksj,ksj,False,False,False
joe_re,joe_re,True,False,True
dog_jp,dog_jp,True,False,True
KosukeMuramatsu,KosukeMuramatsu,True,True,True
kuy,kuy,True,False,True
honkicyan,honkicyan,True,True,False
RyoMachitori,RyoMachitori,False,True,False
HonMarkHunt,HonMarkHunt,True,False,True
daisukeshiroma,daisukeshiroma,True,True,True
tmyk_o,tmyk_o,False,False,False
ovrmrw,ovrmrw,True,False,True
t_daicho,t_daicho,True,False,False
nobuhikosawai,nobuhikosawai,True,False,True
sasamin,sasamin,True,False,True
mougenko,mougenko,False,False,False
MotokiOomura,MotokiOomura,False,True,False
naoki-watanabe,naoki-watanabe,True,False,False
Ryouhei-yamazaki,Ryouhei-yamazaki,True,True,True
two-tree,two-tree,False,False,True
rw_taaaka,rw_taaaka,True,False,False
kurome-1101,kurome-1101,False,True,False
sugeeomosiroi,sugeeomosiroi,True,False,False
naoto_kunii,naoto_kunii,True,True,True
trkw,trkw,True,True,True
inori_lar,inori_lar,True,False,False
mkt63,mkt63,True,False,False
mikac,mikac,True,False,False
HirokiMizukami,HirokiMizukami,False,True,False
henrich,henrich,True,False,False
so_zaneli,so_zaneli,True,True,True
ha_ru_ma_ki,ha_ru_ma_ki,False,True,False
tomato360,tomato360,True,True,True
ten_forward,ten_forward,True,False,False
aminotsukasa,aminotsukasa,True,False,False
Pastel,Pastel,False,False,False
EichiSanden,EichiSanden,True,False,False
s0utakada,s0utakada,True,True,True
kiduca,kiduca,True,False,False
yamatatsu-kun,yamatatsu-kun,True,False,True
fx_kirin,fx_kirin,False,False,False
Scble,Scble,True,False,False
minaton,minaton,False,True,False
t_sonoki,t_sonoki,False,False,False
YasutakaShinomiya,YasutakaShinomiya,False,True,False
Ptu_,Ptu_,False,False,True
lt0195rr,lt0195rr,False,False,False
HirofumiHida,HirofumiHida,True,True,False
itokuchen,itokuchen,False,False,False
ryosukeshinohara,ryosukeshinohara,False,True,False
takayuki_fukui,takayuki_fukui,False,False,False
KentaMizuochi,KentaMizuochi,False,True,False
chmikata,chmikata,False,False,True
ymgn,ymgn,True,True,False
YasuakiMori,YasuakiMori,False,True,False
uc2_hanate,uc2_hanate,True,False,False
MasashiKude,MasashiKude,True,True,False
entisoutofplan,entisoutofplan,True,False,False
tsekine,tsekine,True,False,False
TakayukiToda,TakayukiToda,False,True,False
Daisuke-Ochiai,Daisuke-Ochiai,True,True,False
mistywind,mistywind,True,False,False
sekiwakeee,sekiwakeee,True,False,False
PET_HAL,PET_HAL,True,False,True
ToshihisaC,ToshihisaC,True,True,True
masashi_0412,masashi_0412,False,False,False
jmae,jmae,False,False,False
TakeshiHaramoto,TakeshiHaramoto,False,True,False
otsu_bo,otsu_bo,False,False,False
JunSago,JunSago,False,True,False
yuta_futakawa,yuta_futakawa,False,False,False
KosukeDoi,KosukeDoi,True,True,False
tak_rjom,tak_rjom,False,True,False
hiro63O,hiro63O,False,True,False
yowatabe,yowatabe,False,True,False
toboro,toboro,False,False,False
ShuheiHattori,ShuheiHattori,False,True,False
YukiKawajiri,YukiKawajiri,False,True,False
Clairesxoxo,Clairesxoxo,False,False,False
wenbose,wenbose,True,False,False
kawaken,kawaken,True,False,True
creator825,creator825,False,True,False
ShuzoTomita,ShuzoTomita,True,False,False
skowata,skowata,True,False,False
krakeneye,krakeneye,True,True,False
tmknom,tmknom,True,False,False
wslash,wslash,True,False,True
nekoruri,nekoruri,True,True,True
cubicdaiya,cubicdaiya,False,False,False
hichon,hichon,True,False,False
toshi__ya,toshi__ya,True,False,False
nabedge,nabedge,True,False,False
rAdio,rAdio,True,False,True
kan_,kan_,True,False,False
vanx2,vanx2,True,True,True
yosuke_furukawa,yosuke_furukawa,True,False,False
robi10,robi10,False,False,False
stakezaki,stakezaki,True,True,True
takehiko77,takehiko77,True,False,False
shimashima35,shimashima35,True,False,False
yuanyan0107,yuanyan0107,True,True,True
tnaoto,tnaoto,True,False,False
mamy1326,mamy1326,True,True,False
nsymtks,nsymtks,True,True,True
nihonzaru,nihonzaru,False,False,False
kingyokkun,kingyokkun,True,False,False
jishii1204,jishii1204,False,True,False
k_ohtomi,k_ohtomi,True,False,False
masafumiaida,masafumiaida,False,True,False
thrakt,thrakt,True,False,True
y_t,y_t,True,True,True
kuronekopunk,kuronekopunk,True,True,True
yoppuyoppu,yoppuyoppu,True,False,False
kakkun61,kakkun61,True,False,True
yusuke_katsuki,yusuke_katsuki,True,True,True
yagishita,yagishita,True,True,True
yusabana,yusabana,True,False,True
Ryo_kero,Ryo_kero,False,True,False
kei_q,kei_q,True,False,False
aretan,aretan,True,True,True
yasano,yasano,True,True,False
Toy_Kanayama,Toy_Kanayama,True,True,False
aibou,aibou,True,False,True
masamichi,masamichi,True,False,False
hokaccha,hokaccha,True,False,False
ahomu,ahomu,True,False,True
MarcoNakazawa,MarcoNakazawa,False,False,False
ayato_p,ayato_p,True,False,False
KanSAKAMOTO,KanSAKAMOTO,True,True,False
jo7ueb,jo7ueb,True,True,True
antenna_luna,antenna_luna,True,False,False
cyanpon,cyanpon,True,True,False
kentana20,kentana20,True,True,True
ama_ch,ama_ch,True,False,True
tomohiro_komiya,tomohiro_komiya,True,True,False
namiko_ueno_75,namiko_ueno_75,False,True,False
kozo2,kozo2,True,False,True
half_moon0419,half_moon0419,True,False,False
webgyo,webgyo,True,False,False
kjirou,kjirou,True,False,True
44_10,44_10,True,True,True
gunjouM,gunjouM,True,False,True
kosuke_iida,kosuke_iida,False,True,True
xnpo,xnpo,True,True,False
satonaoki,satonaoki,True,True,True
kazumine_igahara,kazumine_igahara,False,True,False
long_long_float,long_long_float,True,False,True
seri_k,seri_k,True,True,True
ttazaki,ttazaki,False,True,False
kuwa_tw,kuwa_tw,True,False,False
ayu_mm,ayu_mm,True,False,False
toshihide_atsumi,toshihide_atsumi,False,True,False
ryo_adachi_18,ryo_adachi_18,True,True,True
YuG_1224,YuG_1224,True,True,True
to_sato3,to_sato3,True,True,False
Sakunyo,Sakunyo,True,False,False
segami_cx,segami_cx,True,False,False
HashimotoJ,HashimotoJ,True,False,False
no__no,no__no,True,False,False
tkak,tkak,True,False,False
tomoki_kikichi,tomoki_kikichi,False,True,False
KentaroMasuda,KentaroMasuda,True,True,True
masahiko_kuwayama_kazaoto,masahiko_kuwayama_kazaoto,False,False,False
izuchy,izuchy,True,False,True
xotaki,xotaki,False,True,False
t_konparu,t_konparu,True,True,False
katsubemakito,katsubemakito,True,True,True
mstk214,mstk214,True,True,True
NanohaAsOnKai,NanohaAsOnKai,True,True,True
uchimanajet7,uchimanajet7,True,False,False
nakack,nakack,True,False,False
mitshibuya,mitshibuya,True,False,True
gb-swatanabe,gb-swatanabe,False,False,False
ytaya,ytaya,False,False,False
xianheiba,xianheiba,True,True,False
rumomac,rumomac,True,False,False
h_matsuo,h_matsuo,False,False,False
ythink,ythink,True,False,False
ringo,ringo,True,False,True
toshifusa,toshifusa,True,True,False
shuheioza,shuheioza,True,True,False
nojima,nojima,True,False,False
watarunoguchi_0727,watarunoguchi_0727,True,True,True
rinta333,rinta333,True,False,False
mihalla,mihalla,True,False,False
saneyuki_s,saneyuki_s,True,False,True
b3540,b3540,False,False,False
uchan,uchan,True,False,False
daisuke_ogawa_712,daisuke_ogawa_712,False,True,False
MimuraBob,MimuraBob,False,True,False
oohira,oohira,True,False,False
kozaru_kodera,kozaru_kodera,True,False,False
thoma,thoma,False,False,False
jp_tt,jp_tt,True,False,False
Mochit_,Mochit_,True,False,False
yos_kawai,yos_kawai,False,True,True
takudo,takudo,True,True,True
OSCA,OSCA,True,True,True
noriki,noriki,False,False,False
kyohei8,kyohei8,False,True,True
stomita,stomita,True,True,True
koyomi0614,koyomi0614,False,False,False
me_me_sheep,me_me_sheep,True,False,False
Talos208,Talos208,True,True,True
zuzumo,zuzumo,False,True,False
shigenori,shigenori,False,True,False
samada,samada,False,False,False
aither,aither,True,False,False
kobtea,kobtea,True,False,True
kaacun,kaacun,True,True,False
fukuaki_takano,fukuaki_takano,True,True,True
tkuchiki,tkuchiki,True,False,False
tamurashingo,tamurashingo,False,True,True
axross,axross,True,False,True
pitown,pitown,True,False,False
gaaamii,gaaamii,True,False,False
shin_masuda,shin_masuda,False,True,False
GALTONKATSU,GALTONKATSU,True,False,False
mori_ryuji,mori_ryuji,True,False,False
ponpoko04,ponpoko04,True,False,False
hirotoarakawa,hirotoarakawa,False,False,False
yoropan,yoropan,True,False,False
shuyo,shuyo,True,False,True
mogamin,mogamin,False,True,True
laco0416,laco0416,True,True,True
kuniyoshi_takenaka,kuniyoshi_takenaka,True,True,False
zheng1216,zheng1216,False,False,False
zoetro,zoetro,True,False,True
heilanarchist,heilanarchist,False,True,False
oyajima,oyajima,False,False,False
kajinari,kajinari,True,True,False
chaba418,chaba418,True,False,True
shigeru,shigeru,True,True,False
y100s,y100s,False,True,False
htk291,htk291,True,True,True
HaiTo,HaiTo,True,True,True
zerot,zerot,True,False,False
sischkg,sischkg,True,False,True
rocca,rocca,True,True,False
shinkbr,shinkbr,True,False,True
yuyhiraka,yuyhiraka,True,False,False
takaaki_kawazoe_7,takaaki_kawazoe_7,False,True,False
takuya_yamawaki_1,takuya_yamawaki_1,False,True,False
t_zak9,t_zak9,True,False,False
mHattori,mHattori,False,False,False
Toshihioro_SKK,Toshihioro_SKK,True,False,False
nemoto_tadashi,nemoto_tadashi,False,True,False
kazuhito,kazuhito,True,True,False
htomine,htomine,True,True,False
noko_k,noko_k,True,True,True
ksmzn,ksmzn,True,False,False
ItSANgo,ItSANgo,True,True,True
maiisamai,maiisamai,True,False,False
Nobutaka_S,Nobutaka_S,False,False,True
ozawy,ozawy,False,False,False
bugcloud,bugcloud,False,False,True
tokiw,tokiw,False,True,False
Typhon666_death,Typhon666_death,True,True,False
maruji,maruji,False,False,False
nekosenbei,nekosenbei,True,False,False
nozomu_furuya,nozomu_furuya,False,True,True
fgfgtkm,fgfgtkm,True,False,False
yssg,yssg,False,False,False
brn0227,brn0227,True,True,True
neginegi,neginegi,False,False,False
mototsugu_uezono,mototsugu_uezono,True,True,False
kflat,kflat,True,True,False
kaori_morikawa,kaori_morikawa,False,True,True
i0001c48,i0001c48,False,False,True
mbc,mbc,True,True,True
284km,284km,True,False,True
PiO,PiO,False,False,False
orange73_m,orange73_m,True,False,False
tomohiro_furukawa_58,tomohiro_furukawa_58,False,True,False
Kagechan,Kagechan,True,False,False
minnanomames_work,minnanomames_work,False,True,False
yuki_shiro_823,yuki_shiro_823,True,False,False
basaltan,basaltan,True,True,False
SAKAIAtsushi,SAKAIAtsushi,False,True,True
urano,urano,False,False,False
watcafe,watcafe,True,False,False
en_akaaa,en_akaaa,False,True,False
nolick1219,nolick1219,True,False,False
ueki_satoshi,ueki_satoshi,False,True,False
K-mao,K-mao,False,False,False
ookoshi,ookoshi,False,False,False
distkloc,distkloc,True,False,True
yuuto_ito,yuuto_ito,True,False,True
AraiKouki,AraiKouki,False,True,False
k_fukushima,k_fukushima,False,True,False
kengoScal,kengoScal,False,True,True
0345,0345,True,False,False
C_Yamamoto,C_Yamamoto,False,True,False
kkamegawa,kkamegawa,True,True,True
50arashi,50arashi,False,True,True
hikaru_ashino,hikaru_ashino,False,True,False
mamo,mamo,False,False,False
igrekplus,igrekplus,False,True,False
kyotaro_tagawa,kyotaro_tagawa,False,True,False
kosaki,kosaki,False,False,True
mattsuDev,mattsuDev,True,False,False
h_ogw,h_ogw,False,False,False
tshinchi_0102,tshinchi_0102,False,False,False
satousy,satousy,False,False,False
shiv3,shiv3,True,False,True
ryosuke_fujihara,ryosuke_fujihara,True,True,False
GENYA,GENYA,True,False,False
tsubao,tsubao,True,True,True
asahima_,asahima_,True,False,False
karinckarinc,karinckarinc,False,True,False
osamtimizer,osamtimizer,True,False,False
mjima,mjima,False,True,False
nakira,nakira,True,True,True
fuguman,fuguman,True,True,True
muraccio,muraccio,False,True,False
fujisakih14,fujisakih14,False,False,False
lastyrain,lastyrain,True,True,True
zurausa77,zurausa77,True,False,False
harusame,harusame,True,False,False
slankdev,slankdev,True,True,True
Tocyuki,Tocyuki,True,True,True
meganetaaan,meganetaaan,True,True,True
tsuchida_kenta,tsuchida_kenta,False,False,False
naoto_udagawa_58,naoto_udagawa_58,False,True,False
kabayaki___,kabayaki___,True,False,False
h6q2fo,h6q2fo,False,False,False
click,click,True,False,False
pipipipipishi,pipipipipishi,True,False,False
kzm0211,kzm0211,True,False,False
macakuxojo,macakuxojo,True,False,False
MasatoYoshioka,MasatoYoshioka,True,False,True
Kuxumarin,Kuxumarin,True,True,True
ShuheiNagasawa,ShuheiNagasawa,True,True,True
nory_kaname,nory_kaname,True,True,True
mmatthew_43,mmatthew_43,True,False,False
nishimu1246,nishimu1246,True,False,True
edwardkenfox,edwardkenfox,True,True,True
YusukeAbe,YusukeAbe,False,True,False
about_hiroppy,about_hiroppy,True,False,True
178inaba,178inaba,True,False,True
yamamoto-yuta,yamamoto-yuta,False,False,True
ekusiek716,ekusiek716,True,False,False
darai0512,darai0512,True,False,False
isshi_i,isshi_i,False,True,False
HiroshiOda,HiroshiOda,True,True,True
kyrie_leison,kyrie_leison,True,True,True
Minato128,Minato128,True,False,False
ikuzou,ikuzou,False,False,False
Tomomichi,Tomomichi,True,False,True
U1KJ,U1KJ,False,False,False
nrhide,nrhide,False,False,True
_ynunokawa,_ynunokawa,True,False,True
448xx,448xx,True,True,False
na0ya,na0ya,False,False,True
RyoukenKojima,RyoukenKojima,False,True,False
kotodama048,kotodama048,False,False,False
NobuyukiTanaka,NobuyukiTanaka,False,True,False
smaq,smaq,True,False,False
rsasaki,rsasaki,True,False,True
mage_1868,mage_1868,True,False,False
takahi5,takahi5,True,False,False
OkinaKahiro,OkinaKahiro,True,True,True
yuketam,yuketam,False,False,True
akihiro-yamaguchi,akihiro-yamaguchi,False,True,False
AKH38,AKH38,True,False,False
kajisanster,kajisanster,False,False,False
MegumiNakayama,MegumiNakayama,True,True,True
pulcinella,pulcinella,True,False,False
k-matsue,k-matsue,False,True,True
ShuntaTakahashi,ShuntaTakahashi,False,True,False
starpos,starpos,False,False,False
TomohisaKuranari,TomohisaKuranari,False,True,False
FWD_FUN,FWD_FUN,True,False,False
7richi,7richi,True,False,False
MasahikoAriizumi,MasahikoAriizumi,False,True,False
katomasa,katomasa,False,False,False
Yuki_ss2,Yuki_ss2,False,True,False
KeitaYasui,KeitaYasui,False,True,False
YusukeTamura,YusukeTamura,True,True,False
crash_academy,crash_academy,True,True,False
lacsec,lacsec,False,False,True
luokeychen,luokeychen,False,False,True
toiroakr,toiroakr,False,False,True
kiririmode,kiririmode,True,True,True
HHK,HHK,False,False,False
singate,singate,False,True,True
Ryutaro_I,Ryutaro_I,False,False,False
sawa-zen,sawa-zen,True,True,True
komacchi,komacchi,True,False,False
hikaru__m,hikaru__m,True,False,True
SMotochi_net,SMotochi_net,True,False,False
TomoyaYokota,TomoyaYokota,False,False,True
tololo_dancer,tololo_dancer,True,False,False
takanabe_w,takanabe_w,True,False,True
RyunosukeSasaki,RyunosukeSasaki,False,True,False
kaiichiro,kaiichiro,False,True,False
mt621027,mt621027,True,False,False
Korenari_D,Korenari_D,True,False,True
hosshixi,hosshixi,False,True,False
tyamaguc07,tyamaguc07,False,False,True
chchu,chchu,False,False,False
rava,rava,True,True,False
13044032,13044032,True,False,True
hiww,hiww,True,False,True
tomobk,tomobk,False,False,True
nagatakuk,nagatakuk,True,True,True
K_G,K_G,False,True,False
naitoy,naitoy,False,False,False
mogutan88,mogutan88,True,False,False
YojiShiraki,YojiShiraki,False,True,False
AyakoOkamoto,AyakoOkamoto,False,False,False
dtzx,dtzx,False,False,False
r3_san,r3_san,True,False,False
MasakiOkamoto,MasakiOkamoto,False,True,False
shibayu36,shibayu36,True,True,False
19kato,19kato,False,False,True
curryperformer-kato,curryperformer-kato,False,False,False
nsawada,nsawada,False,True,False
Hisashi_Iguchi,Hisashi_Iguchi,True,True,False
NaitoShiomi,NaitoShiomi,True,True,False
takashikataoka,takashikataoka,True,False,False
FuyukoKido,FuyukoKido,False,True,False
ryota548,ryota548,True,False,True
KazuyaHatsushi,KazuyaHatsushi,False,True,False
kerolon,kerolon,True,True,True
kunit,kunit,True,False,False
sigh2,sigh2,True,False,False
mori_r5,mori_r5,True,False,False
amdyy,amdyy,False,False,False
YoshiteruYoshida,YoshiteruYoshida,True,True,True
xzjia,xzjia,False,False,False
cy-takeuchi,cy-takeuchi,False,True,False
kanimisokay,kanimisokay,True,False,False
KoichiroNishijima,KoichiroNishijima,True,True,True
nannoki,nannoki,True,False,False
HajimeYoshizawa,HajimeYoshizawa,False,True,False
miyasho88,miyasho88,True,False,False
tinagakii,tinagakii,True,True,True
feb_acchan,feb_acchan,True,False,False
sivacchi,sivacchi,True,False,False
mgmoymd,mgmoymd,False,True,False
S-YOU,S-YOU,False,False,True
mitomasan,mitomasan,True,False,False
akaaaaaaaaaaan,akaaaaaaaaaaan,True,False,False
KenjiroKubota,KenjiroKubota,False,True,True
wenew700ti,wenew700ti,False,True,False
zawazawa,zawazawa,False,False,False
JunichiMorimoto,JunichiMorimoto,False,True,False
KoheiMiura,KoheiMiura,False,False,False
_a0i,_a0i,True,False,False
takkun,takkun,False,False,False
hrnkoji,hrnkoji,True,True,True
KeijiKawashima,KeijiKawashima,False,True,True
mki_skt,mki_skt,True,False,True
TK1989,TK1989,False,False,True
_nabech,_nabech,True,False,True
hmaeta,hmaeta,False,False,False
vtec_inte16,vtec_inte16,True,False,False
dogboyheadset,dogboyheadset,False,True,False
YusakuTokunaga,YusakuTokunaga,True,False,False
nobu4,nobu4,True,False,False
udp_ip,udp_ip,True,False,False
akry,akry,False,False,True
Mramydnei,Mramydnei,True,True,False
EvanWang,EvanWang,True,False,False
kino_0000,kino_0000,True,False,False
kuijt,kuijt,False,False,False
chan_tk,chan_tk,False,False,False
tsuna,tsuna,False,False,False
fightzam3824283,fightzam3824283,True,False,False
aloerina_,aloerina_,True,False,True
happy_hosi,happy_hosi,True,False,False
mmatsuda11,mmatsuda11,True,False,False
2t3,2t3,False,False,False
_mahata,_mahata,True,True,True
miyamura,miyamura,False,False,False
HN0117,HN0117,True,True,True
ShojiYamada,ShojiYamada,True,True,False
junko_watanabe,junko_watanabe,False,False,False
tarojiroro,tarojiroro,True,False,False
ueokande,ueokande,True,False,True
okadamari,okadamari,False,True,False
Shintaro_Yamasaki,Shintaro_Yamasaki,True,True,True
rush_0523,rush_0523,False,True,False
i_sanuki,i_sanuki,True,True,False
rabbit_tail,rabbit_tail,False,True,False
TakF,TakF,False,False,False
kiakiraki,kiakiraki,True,True,False
continuous-improvement,continuous-improvement,False,False,False
miu924,miu924,True,True,False
OwenReece,OwenReece,False,False,True
Chibadai,Chibadai,True,True,True
MasamiNamba,MasamiNamba,False,False,False
kuramichi,kuramichi,False,False,False
ToshifumiImanishi,ToshifumiImanishi,False,True,False
mamo53,mamo53,False,False,False
kazu3,kazu3,False,False,False
masamune1126,masamune1126,False,False,False
littlebraver906,littlebraver906,False,False,False
mitsuia,mitsuia,False,False,False
sasurau,sasurau,True,True,True
ta1se1,ta1se1,True,False,False
k_nakahashi,k_nakahashi,True,True,True
stepan_ve,stepan_ve,True,True,True
sasimaimo,sasimaimo,False,True,True
kaokao10456,kaokao10456,False,False,False
dai_tateyama,dai_tateyama,False,True,False
chikashini,chikashini,False,True,False
akira6592,akira6592,True,False,False
HIROGA,HIROGA,True,True,True
taka_n91,taka_n91,False,True,False
ysay,ysay,False,True,False
boxer4,boxer4,True,True,False
ririkku,ririkku,False,False,False
expajp,expajp,True,True,True
yuichi10,yuichi10,False,False,True
enmari,enmari,False,True,False
YasuhiroInazawa,YasuhiroInazawa,True,True,False
masakazu1967,masakazu1967,True,False,True
chukichi,chukichi,True,True,False
take_she11,take_she11,True,False,True
chihiro141,chihiro141,True,True,False
tnk_a3,tnk_a3,True,False,False
FumikoOba,FumikoOba,False,True,False
youth_k1120,youth_k1120,False,True,False
sasaharu,sasaharu,False,False,False
lesson5,lesson5,True,True,True
akihir_s,akihir_s,True,False,False
KojiMoriai,KojiMoriai,False,True,False
aonuma_ng,aonuma_ng,True,False,False
HiroakiImamura,HiroakiImamura,False,True,False
nekotanu0206,nekotanu0206,True,False,False
mao_ya,mao_ya,True,True,False
SennaAbe,SennaAbe,True,False,False
sakih9,sakih9,False,False,False
tenkoma,tenkoma,True,False,True
sky_jokerxx,sky_jokerxx,True,False,True
arimac,arimac,False,False,False
RyoheiKurisaki,RyoheiKurisaki,False,True,False
Mr_ajapae,Mr_ajapae,True,True,False
r_furusato,r_furusato,False,True,False
nbty,nbty,False,False,False
KenshiroNiioka,KenshiroNiioka,False,False,False
knst001,knst001,False,False,False
cyokoym,cyokoym,True,False,True
TakuyaMizoguchi,TakuyaMizoguchi,True,True,True
Muroi_Shimz,Muroi_Shimz,False,False,False
echodev,echodev,False,False,False
YoshikiIto,YoshikiIto,False,True,True
fujiwara70n,fujiwara70n,False,False,False
takeitakuji,takeitakuji,False,False,True
m_wada,m_wada,False,True,False
koike37,koike37,False,False,False
DaisakuKobayashi,DaisakuKobayashi,False,True,False
ikeda-keita,ikeda-keita,True,False,False
Nyaokoo,Nyaokoo,True,False,False
_Ghostrick_,_Ghostrick_,True,False,False
kazu-hanjuku,kazu-hanjuku,True,True,True
YuyaToida,YuyaToida,False,True,False
NaokiFujikawa,NaokiFujikawa,False,True,False
okp,okp,False,False,False
KoheiKurihara,KoheiKurihara,False,True,False
yoshikif1,yoshikif1,False,False,False
KuntaroIshiyama,KuntaroIshiyama,True,True,True
brack1,brack1,False,True,False
yuugaharada,yuugaharada,True,False,False
heroesc,heroesc,False,True,False
makoto_ohmura,makoto_ohmura,False,True,False
ShioriKabashima,ShioriKabashima,False,True,True
AimiShinohara,AimiShinohara,False,True,False
sabazusi0928,sabazusi0928,True,False,False
ogu,ogu,False,False,False
YasuhiroTakahashi,YasuhiroTakahashi,False,True,False
oldergod,oldergod,True,False,True
koma_dai_5,koma_dai_5,True,False,False
nozawa,nozawa,False,False,False
HiroshiNomura,HiroshiNomura,False,False,True
reinyan,reinyan,True,False,False
yamazakiatsuya,yamazakiatsuya,False,False,True
-0_0-,-0_0-,False,False,False
vash,vash,False,True,False
ndxbn,ndxbn,True,False,True
kwmt919,kwmt919,True,False,True
SatomiTohyama,SatomiTohyama,False,True,False
tsukakust,tsukakust,False,True,False
SyoheiYamaki,SyoheiYamaki,False,True,False
NUM2016,NUM2016,False,False,False
moroo,moroo,True,True,True
rokisin,rokisin,True,False,False
takiya,takiya,True,False,True
gjb_a,gjb_a,False,False,False
sumida,sumida,False,False,False
a1125133,a1125133,False,True,False
sibazuke,sibazuke,False,False,False
knz21,knz21,False,True,True
skawahara,skawahara,False,False,False
shimomuraa,shimomuraa,False,False,False
conroe,conroe,True,False,False
awdwa,awdwa,True,False,False
nikobann,nikobann,False,False,False
sakanosv,sakanosv,True,False,True
oyazi_q9550,oyazi_q9550,True,False,False
el_metal,el_metal,True,False,False
hkude,hkude,True,False,False
aaatoyooka,aaatoyooka,True,False,False
YusukeHosonuma,YusukeHosonuma,True,True,True
nnnnotfound,nnnnotfound,True,False,False
ryoooooou,ryoooooou,False,False,True
TakuroHashimoto,TakuroHashimoto,False,True,False
girlsupw,girlsupw,True,False,False
AsamiNakae,AsamiNakae,False,True,False
TakahiroTsuruda,TakahiroTsuruda,False,True,True
topporo,topporo,False,False,True
OtaYohihiro,OtaYohihiro,False,False,True
hc_kawamura,hc_kawamura,False,False,False
MireiOkada,MireiOkada,False,True,False
cloudliner,cloudliner,True,True,True
satosh923,satosh923,True,True,False
ShoNagai,ShoNagai,True,True,True
kumewata,kumewata,True,True,False
gureko,gureko,True,False,False
Hiroshi123,Hiroshi123,False,False,True
hogehoge989,hogehoge989,False,False,False
MomokoMaeno,MomokoMaeno,False,True,False
time,time,False,False,False
flowerrrrrrrr,flowerrrrrrrr,False,True,False
fuka08,fuka08,False,False,False
AyakaTsuda,AyakaTsuda,False,True,False
kobe,kobe,True,False,False
uc1214,uc1214,True,False,False
mpiyok,mpiyok,True,False,False
mikeshimeji,mikeshimeji,True,False,False
MeikoMotobayashi,MeikoMotobayashi,False,True,False
m_aono,m_aono,True,True,False
issy,issy,False,True,False
k_dot,k_dot,False,False,False
shimataro,shimataro,False,True,True
akari_masuda,akari_masuda,False,True,False
dadenCKEP,dadenCKEP,True,False,True
mighty212,mighty212,False,True,False
adebadayo,adebadayo,False,False,True
SyuheiSakae,SyuheiSakae,False,True,False
Kazuaki_Itoh,Kazuaki_Itoh,False,True,False
ushishu,ushishu,False,False,False
camcam_lemon,camcam_lemon,True,False,False
gurisyun,gurisyun,True,False,False
9taro,9taro,False,False,True
MtIkutea,MtIkutea,True,False,False
HiroakiTakeyama,HiroakiTakeyama,True,True,False
KeigoKamiyama,KeigoKamiyama,False,True,False
misa-misa,misa-misa,False,False,False
seika0pom,seika0pom,True,False,False
ore0,ore0,False,False,False
cookey,cookey,True,False,False
mnakamur1988,mnakamur1988,True,True,False
moto-san,moto-san,False,False,False
amanekey,amanekey,True,False,True
zawa-zawa,zawa-zawa,False,True,False
m5num5,m5num5,True,True,True
TomomiIshida,TomomiIshida,False,True,False
ninon1130,ninon1130,False,False,False
Koide-Junko,Koide-Junko,False,False,True
Rayline,Rayline,False,False,False
cyinely,cyinely,False,False,False
yokoyas,yokoyas,True,False,False
noblues,noblues,False,True,False
uowoudind5,uowoudind5,False,False,False
chankengogo,chankengogo,False,False,False
OKP_1007,OKP_1007,True,False,True
msshrd,msshrd,False,False,False
cybozu_recruit,cybozu_recruit,True,True,False
rikuttyann,rikuttyann,False,False,False
tm_nk,tm_nk,False,False,False
RyosukeIzumi,RyosukeIzumi,True,True,False
rsha02,rsha02,False,False,False
ken321,ken321,False,True,False
sumito,sumito,False,False,True
kouichi_watanabe,kouichi_watanabe,False,False,False
LimingZhao,LimingZhao,False,True,False
MasanoriKakuya,MasanoriKakuya,False,True,False
caldwn,caldwn,False,True,False
sr1994lu,sr1994lu,False,True,False
TomomiNakagawa,TomomiNakagawa,False,True,False
sssdsr,sssdsr,False,False,False
kobayashiakl,kobayashiakl,False,False,False
PinkSweets,PinkSweets,False,True,False
ShintaroKajiwara,ShintaroKajiwara,False,True,False
RYM_A,RYM_A,False,False,False
naoki62,naoki62,False,False,False
caf2for4,caf2for4,True,False,False
nlog2n2,nlog2n2,False,False,False
moke,moke,False,False,False
onodee,onodee,False,False,False
south,south,False,False,False
Umetaro,Umetaro,False,False,False
soachr,soachr,False,False,True
OKaYou,OKaYou,False,False,False
frog,frog,False,False,False
shihonak,shihonak,False,True,False
taumax,taumax,True,False,False
junszk,junszk,False,True,False
SeigoOkazaki,SeigoOkazaki,False,True,False
panda1647,panda1647,False,False,False
yukkyo,yukkyo,True,False,True
masayasu,masayasu,False,False,False
sya_m,sya_m,True,False,True
kagero0915,kagero0915,False,True,False
ShinpeiKaneko,ShinpeiKaneko,False,True,False
eure,eure,False,False,False
N_T,N_T,False,False,False
wifeofvillon,wifeofvillon,True,False,True
TetsuyaMiyawaki,TetsuyaMiyawaki,False,True,False
rinasan3,rinasan3,True,True,True
s-kono,s-kono,False,False,True
saburosan,saburosan,False,True,False
lcl-kawabe,lcl-kawabe,False,False,True
flexfrank,flexfrank,False,False,True
mkijima,mkijima,False,False,False
LisaMasuda,LisaMasuda,False,True,False
IchiroOkamoto,IchiroOkamoto,False,False,False
atsushiKojima_ami,atsushiKojima_ami,False,False,True
motoakim,motoakim,True,True,True
nichida-dn,nichida-dn,False,False,True
gensaiinfo,gensaiinfo,True,False,False
Hideue,Hideue,False,False,False
yujis67,yujis67,False,False,False
MasayaMito,MasayaMito,False,True,False
shin_akaogi,shin_akaogi,False,False,False
TsuyoshiOgawa,TsuyoshiOgawa,False,True,False
nakai_omochi,nakai_omochi,False,False,False
sue1126,sue1126,False,False,False
mohsk,mohsk,False,False,False
kstw0127,kstw0127,False,False,False
HAYA0920,HAYA0920,True,False,False
SAMyURAI,SAMyURAI,False,False,False
yoshizawar,yoshizawar,False,False,False
a_432,a_432,False,False,False
Mako3,Mako3,True,False,False
Saya-M,Saya-M,False,False,False
chara_braunii,chara_braunii,False,False,False
iwannabe01,iwannabe01,True,False,False
m-nagatsuka,m-nagatsuka,False,False,False
yamashun15,yamashun15,False,False,False
takewaka,takewaka,False,True,False
wat_shun,wat_shun,True,False,True
kenchan111,kenchan111,True,False,False
akakou,akakou,False,False,False
p0n,p0n,False,True,False
ToshiyukiYoshimura,ToshiyukiYoshimura,True,True,True
unright,unright,False,False,False
a-nakahigashi,a-nakahigashi,True,False,False
azarashi23,azarashi23,False,False,False
a-data,a-data,False,False,False
hayato-yamashita,hayato-yamashita,False,True,True
nagatashinya,nagatashinya,True,False,True
tsu-,tsu-,False,False,False
KSaka,KSaka,False,False,True
cia_rana,cia_rana,True,False,True
yoko3535,yoko3535,False,False,True
Matcha,Matcha,False,False,False
taremayu0920,taremayu0920,False,True,False
jackrabbit,jackrabbit,False,False,False
HIGE_U,HIGE_U,False,False,False
hiro-14,hiro-14,False,False,False
skyhobbit,skyhobbit,True,True,True
Hiro_1,Hiro_1,False,False,False
shun_aries,shun_aries,False,False,False
7alice7,7alice7,True,False,False
YumiKishimoto,YumiKishimoto,False,True,False
kimjs,kimjs,False,False,False
IshiguroTeruaki,IshiguroTeruaki,False,True,False
root2nd,root2nd,False,False,False
ne_ayaka,ne_ayaka,False,False,False
darmuck,darmuck,False,False,False
superSatoshiKun,superSatoshiKun,True,False,False
YurikoOtsuka,YurikoOtsuka,False,True,False
kkkttt,kkkttt,False,False,False
LDKdiaDKLvHElsP,LDKdiaDKLvHElsP,True,False,False
seven9nrh,seven9nrh,False,False,True
swift,swift,False,True,False
KoteElec0320,KoteElec0320,True,False,False
rakufo,rakufo,True,False,False
maysay1976,maysay1976,False,True,False
tsuemura,tsuemura,False,False,True
yuriiii717,yuriiii717,False,True,False
toynomo,toynomo,False,False,False
sans,sans,False,False,False
mt_kawabata,mt_kawabata,False,True,False
shymst,shymst,True,False,True
ttokutake,ttokutake,False,False,True
Aytak_3,Aytak_3,False,False,False
ArayanAce,ArayanAce,False,False,False
Ny212123,Ny212123,False,True,False
toshiyuki-sato,toshiyuki-sato,False,False,False
kouji,kouji,False,False,False
arata1203,arata1203,False,False,True
saita916,saita916,False,False,False
bg87,bg87,False,True,False
morimos,morimos,True,False,True
chapp1e,chapp1e,True,False,False
takayamag,takayamag,False,False,True
hikaruuu,hikaruuu,False,False,False
siaavh20,siaavh20,True,False,False
kobase16,kobase16,False,False,False
eggsystem,eggsystem,True,True,False
GoSagawa,GoSagawa,True,True,True
RyousukeMochizuki,RyousukeMochizuki,False,True,False
genki_matsubara,genki_matsubara,True,True,False
yuta-mizogami,yuta-mizogami,False,True,False
yamami7589,yamami7589,False,False,False
kuma123,kuma123,False,False,False
KazumaSaitoh,KazumaSaitoh,True,True,False
keitaroutakahashi,keitaroutakahashi,False,False,True
YujiOzawa,YujiOzawa,True,True,False
kaeken,kaeken,True,True,False
mana123,mana123,True,False,True
tatsurosoga,tatsurosoga,True,False,False
toshi1127,toshi1127,True,True,True
ShuheiShinzaki,ShuheiShinzaki,False,True,False
35ki,35ki,True,False,True
ShomaYamamoto,ShomaYamamoto,True,True,True
KanMatsushita,KanMatsushita,False,True,False
TomoakiYoshida,TomoakiYoshida,False,True,False
hiro4610,hiro4610,True,True,False
dododo8m,dododo8m,False,False,True
AkikoKusuda,AkikoKusuda,False,True,False
libra189,libra189,False,False,True
minto_yamaguchi,minto_yamaguchi,False,False,False
ak1210,ak1210,False,False,False
masamune123,masamune123,False,False,False
seaurchin,seaurchin,False,False,True
t_ngym,t_ngym,False,False,False
KiyotoshiOba,KiyotoshiOba,False,True,False
yuta111,yuta111,False,False,False
proelbtn,proelbtn,True,True,True
Inoue0129,Inoue0129,True,False,False
KentaSato,KentaSato,False,True,False
uramot,uramot,False,False,True
RyoichiroSato,RyoichiroSato,False,True,False
mela_bm,mela_bm,False,False,False
surumebeer,surumebeer,False,False,True
arioriop,arioriop,False,False,False
RieNakanishi,RieNakanishi,False,True,False
tei2213,tei2213,True,False,False
okash1n,okash1n,True,True,True
m-ma2e,m-ma2e,False,False,False
CW_UDG,CW_UDG,False,False,False
seriincali,seriincali,True,True,True
stakumi,stakumi,False,False,False
asami1015,asami1015,False,False,False
v9z,v9z,True,False,False
MasahiroMochimaru,MasahiroMochimaru,False,True,False
myajiri,myajiri,False,False,True
ok03,ok03,False,False,False
DaisukeNiida,DaisukeNiida,False,True,False
taka-hide,taka-hide,False,False,False
kimura_m,kimura_m,False,False,False
ryuji-kaku,ryuji-kaku,False,False,True
user_name2018,user_name2018,True,True,False
kokit,kokit,False,False,False
Akaiwa,Akaiwa,False,False,False
chmv71,chmv71,True,False,False
bonzonishy,bonzonishy,False,False,True
issei_yamanaka,issei_yamanaka,False,False,False
Aki-Jpn,Aki-Jpn,False,False,True
mhattxri,mhattxri,True,False,False
haruranman,haruranman,False,False,True
TaiseiMima,TaiseiMima,False,True,False
AlliMaki,AlliMaki,False,False,False
BhagyaPerera,BhagyaPerera,True,True,True
takashi19937,takashi19937,False,False,False
Yasunori-Yamashita,Yasunori-Yamashita,False,True,False
motxx,motxx,False,False,True
14km_,14km_,True,True,False
kanako035833,kanako035833,True,False,False
dai1080,dai1080,False,False,False
higano,higano,False,False,True
charamer,charamer,False,True,False
ayuay46,ayuay46,True,False,False
azujuuuuuun,azujuuuuuun,False,False,True
Kyom216,Kyom216,True,True,False
SN24sw,SN24sw,False,True,False
enshin,enshin,True,False,False
Shibafumi,Shibafumi,True,False,False
SachioKonno,SachioKonno,False,True,False
5um1da,5um1da,True,False,False
k-Kawai-k,k-Kawai-k,False,False,False
yukini,yukini,False,True,True
__okayu,__okayu,True,False,True
Three4C,Three4C,False,True,False
pon30,pon30,False,False,False
aakk,aakk,False,False,False
s-suzuki-,s-suzuki-,False,False,False
OohiraTakeharu,OohiraTakeharu,False,True,False
tanama,tanama,True,False,True
ryota_ueki,ryota_ueki,False,True,False
y-yauchi,y-yauchi,False,False,True
podcroco,podcroco,False,False,True
momoirospanner,momoirospanner,False,False,True
icebird009,icebird009,True,False,False
great_tower,great_tower,False,True,False
BcxlF,BcxlF,True,False,False
pomera,pomera,False,False,False
h-moriyama,h-moriyama,False,False,True
imikoa,imikoa,False,False,False
sakumh2017,sakumh2017,False,False,False
nitt_san,nitt_san,False,False,False
isonot,isonot,False,False,True
yamashiii039,yamashiii039,True,False,False
matamatak,matamatak,True,False,True
nanami92,nanami92,False,False,False
YusukeKubo,YusukeKubo,True,True,False
Aqua_ix,Aqua_ix,True,True,True
sst-hr,sst-hr,False,True,False
a_sugar28,a_sugar28,True,False,False
yrettty,yrettty,False,False,False
ecco,ecco,False,False,False
ymt193,ymt193,False,False,True
TomohiroNitta,TomohiroNitta,False,True,False
minorurider,minorurider,True,True,False
YuuSatoh,YuuSatoh,False,False,True
bond,bond,False,True,False
nahomood,nahomood,False,False,False
leaves_thought,leaves_thought,True,False,False
nodat,nodat,False,False,False
mamu_sfl,mamu_sfl,True,False,False
tenderness330,tenderness330,True,False,False
NatsukiUesako,NatsukiUesako,False,True,False
Waffle00,Waffle00,False,False,False
southavem,southavem,True,False,True
yosuke_suzuki_190,yosuke_suzuki_190,False,False,False
sanou,sanou,True,True,True
vanvan,vanvan,False,False,False
yokot,yokot,False,False,False
HirofumiMizoue,HirofumiMizoue,False,False,False
meiiiii,meiiiii,False,False,False
TohruTakakura,TohruTakakura,False,True,False
tsuyuguchi,tsuyuguchi,False,False,False
nhori0123,nhori0123,False,False,True
YoshitadaKomatsu,YoshitadaKomatsu,False,True,False
ogr,ogr,False,False,False
Garcat,Garcat,False,False,False
Onigiri0124,Onigiri0124,False,False,True
maimai101,maimai101,True,True,False
TsubasaShuki,TsubasaShuki,False,True,False
k-okamo,k-okamo,False,False,True
Reo-ishiyama,Reo-ishiyama,False,False,True
MANDARA555,MANDARA555,True,False,False
chick-p,chick-p,False,False,False
jumpei-otsuka,jumpei-otsuka,False,False,False
koko16,koko16,False,False,False
JunYatani,JunYatani,False,True,False
tanakamaikeru,tanakamaikeru,True,False,False
muno_601,muno_601,True,False,False
akiya_reina,akiya_reina,False,False,False
okosiyas,okosiyas,False,False,False
nakano1208,nakano1208,True,False,False
